/*
#########################################################################
#	$Id: c1ce8cd2f1feedc74f127b13b250aca2d81e865e $
#	Project:	YAML4 OXID eSales 4 Template 4.8.x
#	ProjectId:	oxYaml 
#	Copyright: 	Rene Ettling (r.ettling@eshop-source.com)
#				(http://www.eshop-source.com)
#				Some parts based on YAML4, Copyright 2005-2012, Dirk Jesse
#
#	Lizenz:		CC BY 3.0
#	Deutsch:	http://creativecommons.org/licenses/by/3.0/de/
#	Schweiz:	http://creativecommons.org/licenses/by/3.0/ch/
#	Englisch:	http://creativecommons.org/licenses/by/3.0/de/deed.en
#
#########################################################################
*/
INSERT INTO `oxcontents` (`OXID`, `OXLOADID`, `OXSHOPID`, `OXSNIPPET`, `OXTYPE`, `OXACTIVE`, `OXACTIVE_1`, `OXPOSITION`, `OXTITLE`, `OXCONTENT`, `OXTITLE_1`, `OXCONTENT_1`, `OXACTIVE_2`, `OXTITLE_2`, `OXCONTENT_2`, `OXACTIVE_3`, `OXTITLE_3`, `OXCONTENT_3`, `OXCATID`, `OXFOLDER`, `OXTERMVERSION`) VALUES
('dc431a7965b19cec9b626579baec57ec', 'footer_box3', 'oxbaseshop', 1, 0, 1, 1, '', 'FooterBox 3', '<p>Lorem ipsum dolor sit amet, consectetur adipisicing elit, sed do eiusmod tempor incididunt ut labore et dolore magna aliqua. Ut enim ad minim veniam, quis nostrud exercitation ullamco laboris nisi ut aliquip ex ea commodo consequat. Duis aute irure dolor in reprehenderit in voluptate velit esse cillum dolore eu fugiat nulla pariatur. Excepteur sint occaecat cupidatat non proident, sunt in culpa qui officia deserunt mollit anim id est laborum.</p>', '', '', 1, '', '', 1, '', '', '30e44ab83fdee7564.23264141', '', ''),
('dc43b74c0bc980bac250e725ec51ed06', 'footer_box2', 'oxbaseshop', 1, 0, 1, 1, '', 'FooterBox 2', '<h6 class="ym-vlist">Footer Box 2</h6><p>Lorem ipsum dolor sit amet, consectetur adipisicing elit, sed do eiusmod tempor incididunt ut labore et dolore magna aliqua. Ut enim ad minim veniam, quis nostrud exercitation ullamco laboris nisi ut aliquip ex ea commodo consequat. Duis aute irure dolor in reprehenderit in voluptate velit esse cillum dolore eu fugiat nulla pariatur. Excepteur sint occaecat cupidatat non proident, sunt in culpa qui officia deserunt mollit anim id est laborum.</p>', '', '', 1, '', '', 1, '', '', '30e44ab83fdee7564.23264141', '', ''),
('dc4e8fe5098bcdcb59e671ef68cf2ba2', 'footer_box1', 'oxbaseshop', 1, 0, 1, 1, '', 'FooterBox 1', '<h6 class="ym-vlist">Footer Box 1</h6><p>Lorem ipsum dolor sit amet, consectetur adipisicing elit, sed do eiusmod tempor incididunt ut labore et dolore magna aliqua. Ut enim ad minim veniam, quis nostrud exercitation ullamco laboris nisi ut aliquip ex ea commodo consequat. Duis aute irure dolor in reprehenderit in voluptate velit esse cillum dolore eu fugiat nulla pariatur. Excepteur sint occaecat cupidatat non proident, sunt in culpa qui officia deserunt mollit anim id est laborum.</p>', '', '', 1, '', '', 1, '', '', '30e44ab83fdee7564.23264141', '', '');

INSERT INTO `oxconfigdisplay` (`OXID`, `OXCFGMODULE`, `OXCFGVARNAME`, `OXGROUPING`, `OXVARCONSTRAINT`, `OXPOS`) VALUES('y4oxid4.aDetailImageSizes', 'theme:y4oxid4', 'aDetailImageSizes', 'images', '', 150);
INSERT INTO `oxconfigdisplay` (`OXID`, `OXCFGMODULE`, `OXCFGVARNAME`, `OXGROUPING`, `OXVARCONSTRAINT`, `OXPOS`) VALUES('y4oxid4.aNrofCatArticles', 'theme:y4oxid4', 'aNrofCatArticles', 'display', '', 380);
INSERT INTO `oxconfigdisplay` (`OXID`, `OXCFGMODULE`, `OXCFGVARNAME`, `OXGROUPING`, `OXVARCONSTRAINT`, `OXPOS`) VALUES('y4oxid4.blLoadFullTree', 'theme:y4oxid4', 'blLoadFullTree', 'navigation', '', 440);
INSERT INTO `oxconfigdisplay` (`OXID`, `OXCFGMODULE`, `OXCFGVARNAME`, `OXGROUPING`, `OXVARCONSTRAINT`, `OXPOS`) VALUES('y4oxid4.blShowBirthdayFields', 'theme:y4oxid4', 'blShowBirthdayFields', 'display', '', 340);
INSERT INTO `oxconfigdisplay` (`OXID`, `OXCFGMODULE`, `OXCFGVARNAME`, `OXGROUPING`, `OXVARCONSTRAINT`, `OXPOS`) VALUES('y4oxid4.blShowFinalStep', 'theme:y4oxid4', 'blShowFinalStep', 'display', '', 360);
INSERT INTO `oxconfigdisplay` (`OXID`, `OXCFGMODULE`, `OXCFGVARNAME`, `OXGROUPING`, `OXVARCONSTRAINT`, `OXPOS`) VALUES('y4oxid4.blTopNaviLayout', 'theme:y4oxid4', 'blTopNaviLayout', 'navigation', '', 430);
INSERT INTO `oxconfigdisplay` (`OXID`, `OXCFGMODULE`, `OXCFGVARNAME`, `OXGROUPING`, `OXVARCONSTRAINT`, `OXPOS`) VALUES('y4oxid4.bl_perfLoadCatTree', 'theme:y4oxid4', 'bl_perfLoadCatTree', 'navigation', '', 410);
INSERT INTO `oxconfigdisplay` (`OXID`, `OXCFGMODULE`, `OXCFGVARNAME`, `OXGROUPING`, `OXVARCONSTRAINT`, `OXPOS`) VALUES('y4oxid4.bl_perfLoadTreeForSearch', 'theme:y4oxid4', 'bl_perfLoadTreeForSearch', 'navigation', '', 420);
INSERT INTO `oxconfigdisplay` (`OXID`, `OXCFGMODULE`, `OXCFGVARNAME`, `OXGROUPING`, `OXVARCONSTRAINT`, `OXPOS`) VALUES('y4oxid4.bl_perfShowLeftBasket', 'theme:y4oxid4', 'bl_perfShowLeftBasket', 'display', '', 310);
INSERT INTO `oxconfigdisplay` (`OXID`, `OXCFGMODULE`, `OXCFGVARNAME`, `OXGROUPING`, `OXVARCONSTRAINT`, `OXPOS`) VALUES('y4oxid4.bl_perfShowRightBasket', 'theme:y4oxid4', 'bl_perfShowRightBasket', 'display', '', 320);
INSERT INTO `oxconfigdisplay` (`OXID`, `OXCFGMODULE`, `OXCFGVARNAME`, `OXGROUPING`, `OXVARCONSTRAINT`, `OXPOS`) VALUES('y4oxid4.bl_perfShowTopBasket', 'theme:y4oxid4', 'bl_perfShowTopBasket', 'display', '', 330);
INSERT INTO `oxconfigdisplay` (`OXID`, `OXCFGMODULE`, `OXCFGVARNAME`, `OXGROUPING`, `OXVARCONSTRAINT`, `OXPOS`) VALUES('y4oxid4.bl_showCompareList', 'theme:y4oxid4', 'bl_showCompareList', 'features', '', 210);
INSERT INTO `oxconfigdisplay` (`OXID`, `OXCFGMODULE`, `OXCFGVARNAME`, `OXGROUPING`, `OXVARCONSTRAINT`, `OXPOS`) VALUES('y4oxid4.bl_showGiftWrapping', 'theme:y4oxid4', 'bl_showGiftWrapping', 'features', '', 250);
INSERT INTO `oxconfigdisplay` (`OXID`, `OXCFGMODULE`, `OXCFGVARNAME`, `OXGROUPING`, `OXVARCONSTRAINT`, `OXPOS`) VALUES('y4oxid4.bl_showListmania', 'theme:y4oxid4', 'bl_showListmania', 'features', '', 220);
INSERT INTO `oxconfigdisplay` (`OXID`, `OXCFGMODULE`, `OXCFGVARNAME`, `OXGROUPING`, `OXVARCONSTRAINT`, `OXPOS`) VALUES('y4oxid4.bl_showVouchers', 'theme:y4oxid4', 'bl_showVouchers', 'features', '', 240);
INSERT INTO `oxconfigdisplay` (`OXID`, `OXCFGMODULE`, `OXCFGVARNAME`, `OXGROUPING`, `OXVARCONSTRAINT`, `OXPOS`) VALUES('y4oxid4.bl_showWishlist', 'theme:y4oxid4', 'bl_showWishlist', 'features', '', 230);
INSERT INTO `oxconfigdisplay` (`OXID`, `OXCFGMODULE`, `OXCFGVARNAME`, `OXGROUPING`, `OXVARCONSTRAINT`, `OXPOS`) VALUES('y4oxid4.iNewBasketItemMessage', 'theme:y4oxid4', 'iNewBasketItemMessage', 'display', '0|1|2|3', 370);
INSERT INTO `oxconfigdisplay` (`OXID`, `OXCFGMODULE`, `OXCFGVARNAME`, `OXGROUPING`, `OXVARCONSTRAINT`, `OXPOS`) VALUES('y4oxid4.iTopNaviCatCount', 'theme:y4oxid4', 'iTopNaviCatCount', 'display', '', 350);
INSERT INTO `oxconfigdisplay` (`OXID`, `OXCFGMODULE`, `OXCFGVARNAME`, `OXGROUPING`, `OXVARCONSTRAINT`, `OXPOS`) VALUES('y4oxid4.sCatThumbnailsize', 'theme:y4oxid4', 'sCatThumbnailsize', 'images', '', 130);
INSERT INTO `oxconfigdisplay` (`OXID`, `OXCFGMODULE`, `OXCFGVARNAME`, `OXGROUPING`, `OXVARCONSTRAINT`, `OXPOS`) VALUES('y4oxid4.sIconsize', 'theme:y4oxid4', 'sIconsize', 'images', '', 110);
INSERT INTO `oxconfigdisplay` (`OXID`, `OXCFGMODULE`, `OXCFGVARNAME`, `OXGROUPING`, `OXVARCONSTRAINT`, `OXPOS`) VALUES('y4oxid4.sThumbnailsize', 'theme:y4oxid4', 'sThumbnailsize', 'images', '', 120);
INSERT INTO `oxconfigdisplay` (`OXID`, `OXCFGMODULE`, `OXCFGVARNAME`, `OXGROUPING`, `OXVARCONSTRAINT`, `OXPOS`) VALUES('y4oxid4.sZoomImageSize', 'theme:y4oxid4', 'sZoomImageSize', 'images', '', 140);

INSERT INTO `oxconfig` (`OXID`, `OXSHOPID`, `OXMODULE`, `OXVARNAME`, `OXVARTYPE`, `OXVARVALUE`) VALUES('y4oxid4.iTopNaviCatCount', 'oxbaseshop', 'theme:y4oxid4', 'iTopNaviCatCount', 'str', 0xfb);
INSERT INTO `oxconfig` (`OXID`, `OXSHOPID`, `OXMODULE`, `OXVARNAME`, `OXVARTYPE`, `OXVARVALUE`) VALUES('y4oxid4.blTopNaviLayout', 'oxbaseshop', 'theme:y4oxid4', 'blTopNaviLayout', 'bool', 0x07);
INSERT INTO `oxconfig` (`OXID`, `OXSHOPID`, `OXMODULE`, `OXVARNAME`, `OXVARTYPE`, `OXVARVALUE`) VALUES('y4oxid4.aDetailImageSizes', 'oxbaseshop', 'theme:y4oxid4', 'aDetailImageSizes', 'aarr', 0x4dba326a73d2cdcb471b9533d7800b4b898873f7ae9dc29ed9e0e4f6bc678f00ea1438810efd6c1fe338a39dc20247d3a63beec4852106b7a1dd7cb1451f56975c3fd6159579cd2cab97104f17ae6c45a38a41e9a5bc59ceee828bfd6883e282aef2e55d00fb7ee9abb79b63c74cb7ba3fa76665f6a9294d8bf365bf7d3d0d56faf2355df145b02498b144bc6b0ab9fc9f74d2e1dd0ac7a4989184f58b7e2c58400bb4b92c9468f3d8ca7170cde789d6c1282016056e51005091e19803a859992a5549080378f64fff88ce4c1cbdf4afd32943b63877831b221ca302652eabe106a93f9f4d1ed363f2f33c1e29716b95b8541d2f79ec8a7a1d821a46270a1bb5f32622a06655b85a31d7ee2f52dbf963fd4426a6047b0e2bc4896143076e8dbc7dd8a7448ba2a5233ec8d166b611c288134420559cc4a6f4eec2835336d4f71df0ac899e314365a321d1d774bdb9);
INSERT INTO `oxconfig` (`OXID`, `OXSHOPID`, `OXMODULE`, `OXVARNAME`, `OXVARTYPE`, `OXVARVALUE`) VALUES('y4oxid4.f8e4b3a2a4bf38011fdc570929b07ee6.1', 'oxbaseshop', 'theme:y4oxid4', 'f8e4b3a2a4bf38011fdc570929b07ee6', 'str',0x0e168c798fbeb6710c51ce50f3b62203c1d9092fb301d9b46fd57347b7ccaf07aa479f3eea0d9c6abb590a26547b72c82b599d1bc465ff648c105c8d2d3e6a7e6cae8169ea2844cc1fdf2ed6ffe06bf68dfdf8d89ad7e1946869a95d540460bc61e40d2333f99d7ef12be3ca7c8d3dfe2d1f17272330d607d412e0b49e390faf94160fa388fb633904cf7782e24994867f1ccdd4706a8acd9b7a7f8e1219bf51299475a7bb842e45);
INSERT INTO `oxconfig` (`OXID`, `OXSHOPID`, `OXMODULE`, `OXVARNAME`, `OXVARTYPE`, `OXVARVALUE`) VALUES('y4oxid4.767a47752314c4a3e8dcbbf16ea333f8.1', 'oxbaseshop', 'theme:y4oxid4', '767a47752314c4a3e8dcbbf16ea333f8', 'str',0x0e168c798fbeb6710c51ce50f3b62203c1d9092fb301d9b46fd57347d41cda847ac063568e1e86090b4b7ad6ec6ec59f9345eb564f85f0e773258acc0625d65ba07cf384aa01f3797bcdcaae18b50d930c23377897da73c551cb950ffcbfd33bd09670109671b2e16b80b0016acf3b97e8f4076259034097f2c752c7d3512784904e9684fe6daf0662bc9cc8d055a11d96c53a6230f640c524a9120786383409a20f8c26effe026714aa82a833d1a652e2e9a7616e6e008811fcae8a3982f2d02e5cf771631a3f4d9f722cdc1aa9cbef886a7b4441e8abffaac57d840af60818873fafe12a8512ade7c6044282845a88d953b870dbcfc5fab392272e2117ac93e89591a8f9d461cb118bfb2be697a787b06e322bcf523c88470e3941d8c896da903da1b049b26d2bcfc0db38c238a4db4c5603979819fe3bdc095a376da44728f314cf0912a59fa09aa61b82725fb952868aac3b2959a9198e89ff50aaca43d6cd23e10d9454eaa61c1c9d6eebc7056c29a7d1eb8171748e4ca0f13a4600d47cb84651ebe8f452d36a33ffa32037d3fe64cea46e5d0493a8aab549fe17e467f0b717588c5e13d938049c1c1285070ab4807d6ffe063bc826f373e12827f0bf445e17bf748bdc4f4b0e0738958c9ab455cf60891654d7b85205cfd4e23baf5664f10ef22bd6876eb34a0d67b351da);
INSERT INTO `oxconfig` (`OXID`, `OXSHOPID`, `OXMODULE`, `OXVARNAME`, `OXVARTYPE`, `OXVARVALUE`) VALUES('y4oxid4.sZoomImageSize', 'oxbaseshop', 'theme:y4oxid4', 'sZoomImageSize', 'str', 0x170a3340d372be);
INSERT INTO `oxconfig` (`OXID`, `OXSHOPID`, `OXMODULE`, `OXVARNAME`, `OXVARTYPE`, `OXVARVALUE`) VALUES('y4oxid4.blShowBirthdayFields', 'oxbaseshop', 'theme:y4oxid4', 'blShowBirthdayFields', 'bool', 0x07);
INSERT INTO `oxconfig` (`OXID`, `OXSHOPID`, `OXMODULE`, `OXVARNAME`, `OXVARTYPE`, `OXVARVALUE`) VALUES('y4oxid4.aNrofCatArticles', 'oxbaseshop', 'theme:y4oxid4', 'aNrofCatArticles', 'arr', 0x4dbace2972e14bf2cbd3a9a4113b83ad1c8f7b704f710ba39fd1ecd29b438b41809712e316c6f4fdc92741f7876cc6fca127d78994e604dcc99519);
INSERT INTO `oxconfig` (`OXID`, `OXSHOPID`, `OXMODULE`, `OXVARNAME`, `OXVARTYPE`, `OXVARVALUE`) VALUES('y4oxid4.sThumbnailsize', 'oxbaseshop', 'theme:y4oxid4', 'sThumbnailsize', 'str', 0x079a3a49ca3630);
INSERT INTO `oxconfig` (`OXID`, `OXSHOPID`, `OXMODULE`, `OXVARNAME`, `OXVARTYPE`, `OXVARVALUE`) VALUES('y4oxid4.sCatThumbnailsize', 'oxbaseshop', 'theme:y4oxid4', 'sCatThumbnailsize', 'str', 0x77e7ed4ecd3137);
INSERT INTO `oxconfig` (`OXID`, `OXSHOPID`, `OXMODULE`, `OXVARNAME`, `OXVARTYPE`, `OXVARVALUE`) VALUES('y4oxid4.bl_perfShowLeftBasket', 'oxbaseshop', 'theme:y4oxid4', 'bl_perfShowLeftBasket', 'bool', 0x07);
INSERT INTO `oxconfig` (`OXID`, `OXSHOPID`, `OXMODULE`, `OXVARNAME`, `OXVARTYPE`, `OXVARVALUE`) VALUES('y4oxid4.bl_perfShowRightBasket', 'oxbaseshop', 'theme:y4oxid4', 'bl_perfShowRightBasket', 'bool', '');
INSERT INTO `oxconfig` (`OXID`, `OXSHOPID`, `OXMODULE`, `OXVARNAME`, `OXVARTYPE`, `OXVARVALUE`) VALUES('y4oxid4.bl_perfShowTopBasket', 'oxbaseshop', 'theme:y4oxid4', 'bl_perfShowTopBasket', 'bool', '');
INSERT INTO `oxconfig` (`OXID`, `OXSHOPID`, `OXMODULE`, `OXVARNAME`, `OXVARTYPE`, `OXVARVALUE`) VALUES('y4oxid4.blShowFinalStep', 'oxbaseshop', 'theme:y4oxid4', 'blShowFinalStep', 'bool', 0x07);
INSERT INTO `oxconfig` (`OXID`, `OXSHOPID`, `OXMODULE`, `OXVARNAME`, `OXVARTYPE`, `OXVARVALUE`) VALUES('y4oxid4.bl_showWishlist', 'oxbaseshop', 'theme:y4oxid4', 'bl_showWishlist', 'bool', 0x07);
INSERT INTO `oxconfig` (`OXID`, `OXSHOPID`, `OXMODULE`, `OXVARNAME`, `OXVARTYPE`, `OXVARVALUE`) VALUES('y4oxid4.bl_showVouchers', 'oxbaseshop', 'theme:y4oxid4', 'bl_showVouchers', 'bool', 0x07);
INSERT INTO `oxconfig` (`OXID`, `OXSHOPID`, `OXMODULE`, `OXVARNAME`, `OXVARTYPE`, `OXVARVALUE`) VALUES('y4oxid4.bl_showGiftWrapping', 'oxbaseshop', 'theme:y4oxid4', 'bl_showGiftWrapping', 'bool', 0x07);
INSERT INTO `oxconfig` (`OXID`, `OXSHOPID`, `OXMODULE`, `OXVARNAME`, `OXVARTYPE`, `OXVARVALUE`) VALUES('y4oxid4.bl_showCompareList', 'oxbaseshop', 'theme:y4oxid4', 'bl_showCompareList', 'bool', 0x07);
INSERT INTO `oxconfig` (`OXID`, `OXSHOPID`, `OXMODULE`, `OXVARNAME`, `OXVARTYPE`, `OXVARVALUE`) VALUES('y4oxid4.bl_showListmania', 'oxbaseshop', 'theme:y4oxid4', 'bl_showListmania', 'bool', 0x07);
INSERT INTO `oxconfig` (`OXID`, `OXSHOPID`, `OXMODULE`, `OXVARNAME`, `OXVARTYPE`, `OXVARVALUE`) VALUES('y4oxid4.sIconsize', 'oxbaseshop', 'theme:y4oxid4', 'sIconsize', 'str', 0x8064a213b1);
INSERT INTO `oxconfig` (`OXID`, `OXSHOPID`, `OXMODULE`, `OXVARNAME`, `OXVARTYPE`, `OXVARVALUE`) VALUES('y4oxid4.iNewBasketItemMessage', 'oxbaseshop', 'theme:y4oxid4', 'iNewBasketItemMessage', 'select', 0xde);
INSERT INTO `oxconfig` (`OXID`, `OXSHOPID`, `OXMODULE`, `OXVARNAME`, `OXVARTYPE`, `OXVARVALUE`) VALUES('y4oxid4.bl_perfLoadCatTree', 'oxbaseshop', 'theme:y4oxid4', 'bl_perfLoadCatTree', 'bool', 0x07);
INSERT INTO `oxconfig` (`OXID`, `OXSHOPID`, `OXMODULE`, `OXVARNAME`, `OXVARTYPE`, `OXVARVALUE`) VALUES('y4oxid4.blLoadFullTree', 'oxbaseshop', 'theme:y4oxid4', 'blLoadFullTree', 'bool', '');
INSERT INTO `oxconfig` (`OXID`, `OXSHOPID`, `OXMODULE`, `OXVARNAME`, `OXVARTYPE`, `OXVARVALUE`) VALUES('y4oxid4.bl_perfLoadTreeForSearch', 'oxbaseshop', 'theme:y4oxid4', 'bl_perfLoadTreeForSearch', 'bool', 0x07);
INSERT INTO `oxconfig` (`OXID`, `OXSHOPID`, `OXMODULE`, `OXVARNAME`, `OXVARTYPE`, `OXVARVALUE`) VALUES('y4oxid4.NivoSliderTheme.1', 'oxbaseshop', 'theme:y4oxid4', 'NivoSliderTheme', 'select', 0xce92169ca7ab70);
INSERT INTO `oxconfig` (`OXID`, `OXSHOPID`, `OXMODULE`, `OXVARNAME`, `OXVARTYPE`, `OXVARVALUE`) VALUES('y4oxid4.NivoSliderdirectionNav.1', 'oxbaseshop', 'theme:y4oxid4', 'NivoSliderdirectionNav', 'select', 0x93ea1218);
INSERT INTO `oxconfig` (`OXID`, `OXSHOPID`, `OXMODULE`, `OXVARNAME`, `OXVARTYPE`, `OXVARVALUE`) VALUES('y4oxid4.NivoSliderSlices.1', 'oxbaseshop', 'theme:y4oxid4', 'NivoSliderSlices', 'str', 0x17);
INSERT INTO `oxconfig` (`OXID`, `OXSHOPID`, `OXMODULE`, `OXVARNAME`, `OXVARTYPE`, `OXVARVALUE`) VALUES('y4oxid4.NivoSliderdirectionNavHide.1', 'oxbaseshop', 'theme:y4oxid4', 'NivoSliderdirectionNavHide', 'select', 0x7900fdf51e);
INSERT INTO `oxconfig` (`OXID`, `OXSHOPID`, `OXMODULE`, `OXVARNAME`, `OXVARTYPE`, `OXVARVALUE`) VALUES('y4oxid4.NivoSliderboxCols.1', 'oxbaseshop', 'theme:y4oxid4', 'NivoSliderboxCols', 'str', 0x07ac);
INSERT INTO `oxconfig` (`OXID`, `OXSHOPID`, `OXMODULE`, `OXVARNAME`, `OXVARTYPE`, `OXVARVALUE`) VALUES('y4oxid4.NivoSliderboxRows.1', 'oxbaseshop', 'theme:y4oxid4', 'NivoSliderboxRows', 'str', 0x17);
INSERT INTO `oxconfig` (`OXID`, `OXSHOPID`, `OXMODULE`, `OXVARNAME`, `OXVARTYPE`, `OXVARVALUE`) VALUES('y4oxid4.NivoSlideranimSpeed.1', 'oxbaseshop', 'theme:y4oxid4', 'NivoSlideranimSpeed', 'str', 0x07c4b159);
INSERT INTO `oxconfig` (`OXID`, `OXSHOPID`, `OXMODULE`, `OXVARNAME`, `OXVARTYPE`, `OXVARVALUE`) VALUES('y4oxid4.NivoSlidercontrolNav.1', 'oxbaseshop', 'theme:y4oxid4', 'NivoSlidercontrolNav', 'select', 0x93ea1218);
INSERT INTO `oxconfig` (`OXID`, `OXSHOPID`, `OXMODULE`, `OXVARNAME`, `OXVARTYPE`, `OXVARVALUE`) VALUES('y4oxid4.NivoSliderEffekt.1', 'oxbaseshop', 'theme:y4oxid4', 'NivoSliderEffekt', 'select', 0x792df31d);
INSERT INTO `oxconfig` (`OXID`, `OXSHOPID`, `OXMODULE`, `OXVARNAME`, `OXVARTYPE`, `OXVARVALUE`) VALUES('y4oxid4.NivoSliderpauseTime.1', 'oxbaseshop', 'theme:y4oxid4', 'NivoSliderpauseTime', 'str', 0xb098bb53);
INSERT INTO `oxconfig` (`OXID`, `OXSHOPID`, `OXMODULE`, `OXVARNAME`, `OXVARTYPE`, `OXVARVALUE`) VALUES('y4oxid4.YAML_Licence.1', 'oxbaseshop', 'theme:y4oxid4', 'YAML_Licence', 'select', 0x79f8a71a);
INSERT INTO `oxconfig` (`OXID`, `OXSHOPID`, `OXMODULE`, `OXVARNAME`, `OXVARTYPE`, `OXVARVALUE`) VALUES('y4oxid4.YAML_Theme_Licence.1', 'oxbaseshop', 'theme:y4oxid4', 'YAML_Theme_Licence', 'str', 0x79f8a71a5c2c295bdd);
INSERT INTO `oxconfig` (`OXID`, `OXSHOPID`, `OXMODULE`, `OXVARNAME`, `OXVARTYPE`, `OXVARVALUE`) VALUES('y4oxid4.YAML_Theme_2-3sp.1', 'oxbaseshop', 'theme:y4oxid4', 'YAML_Theme_2-3sp', 'select',  0x2828db);
INSERT INTO `oxconfig` (`OXID`, `OXSHOPID`, `OXMODULE`, `OXVARNAME`, `OXVARTYPE`, `OXVARVALUE`) VALUES('y4oxid4.YAML_Theme_mobile.1', 'oxbaseshop', 'theme:y4oxid4', 'YAML_Theme_mobile', 'select', 0x7900fdf51e);

INSERT INTO `oxconfigdisplay` (`OXID`,`OXCFGMODULE`,`OXCFGVARNAME`,`OXGROUPING`,`OXVARCONSTRAINT`,`OXPOS`) VALUES ('y4oxid4.NivoSliderEffekt.1', 'theme:y4oxid4', 'NivoSliderEffekt', 'nivo','random|fade|sliceDown|sliceDownLeft|sliceUp|sliceUpLeft|sliceUpDown|sliceUpDownLeft|fold|slideInRight|slideInLeft|boxRandom|boxRain|boxRainReverse|boxRainGrow|boxRainGrowReverse' , 500);
INSERT INTO `oxconfigdisplay` (`OXID`,`OXCFGMODULE`,`OXCFGVARNAME`,`OXGROUPING`,`OXVARCONSTRAINT`,`OXPOS`) VALUES ('y4oxid4.NivoSliderTheme.1', 'theme:y4oxid4', 'NivoSliderTheme', 'nivo','default|bar|dark|light' , 501); 
INSERT INTO `oxconfigdisplay` (`OXID`,`OXCFGMODULE`,`OXCFGVARNAME`,`OXGROUPING`,`OXVARCONSTRAINT`,`OXPOS`) VALUES ('y4oxid4.NivoSliderSlices.1', 'theme:y4oxid4', 'NivoSliderSlices', 'nivo','', 502); 
INSERT INTO `oxconfigdisplay` (`OXID`,`OXCFGMODULE`,`OXCFGVARNAME`,`OXGROUPING`,`OXVARCONSTRAINT`,`OXPOS`) VALUES ('y4oxid4.NivoSliderboxCols.1', 'theme:y4oxid4', 'NivoSliderboxCols', 'nivo','', 503);
INSERT INTO `oxconfigdisplay` (`OXID`,`OXCFGMODULE`,`OXCFGVARNAME`,`OXGROUPING`,`OXVARCONSTRAINT`,`OXPOS`) VALUES ('y4oxid4.NivoSliderboxRows.1', 'theme:y4oxid4', 'NivoSliderboxRows', 'nivo','', 504);
INSERT INTO `oxconfigdisplay` (`OXID`,`OXCFGMODULE`,`OXCFGVARNAME`,`OXGROUPING`,`OXVARCONSTRAINT`,`OXPOS`) VALUES ('y4oxid4.NivoSlideranimSpeed.1', 'theme:y4oxid4', 'NivoSlideranimSpeed', 'nivo','', 505);
INSERT INTO `oxconfigdisplay` (`OXID`,`OXCFGMODULE`,`OXCFGVARNAME`,`OXGROUPING`,`OXVARCONSTRAINT`,`OXPOS`) VALUES ('y4oxid4.NivoSliderpauseTime.1', 'theme:y4oxid4', 'NivoSliderpauseTime', 'nivo','', 506);
INSERT INTO `oxconfigdisplay` (`OXID`,`OXCFGMODULE`,`OXCFGVARNAME`,`OXGROUPING`,`OXVARCONSTRAINT`,`OXPOS`) VALUES ('y4oxid4.NivoSliderdirectionNav.1', 'theme:y4oxid4', 'NivoSliderdirectionNav', 'nivo','false|true' , 507); 
INSERT INTO `oxconfigdisplay` (`OXID`,`OXCFGMODULE`,`OXCFGVARNAME`,`OXGROUPING`,`OXVARCONSTRAINT`,`OXPOS`) VALUES('y4oxid4.NivoSliderdirectionNavHide.1', 'theme:y4oxid4', 'NivoSliderdirectionNavHide', 'nivo','false|true' , 508); 
INSERT INTO `oxconfigdisplay` (`OXID`,`OXCFGMODULE`,`OXCFGVARNAME`,`OXGROUPING`,`OXVARCONSTRAINT`,`OXPOS`) VALUES ('y4oxid4.NivoSlidercontrolNav.1', 'theme:y4oxid4', 'NivoSlidercontrolNav', 'nivo','false|true' , 509); 
INSERT INTO `oxconfigdisplay` (`OXID`,`OXCFGMODULE`,`OXCFGVARNAME`,`OXGROUPING`,`OXVARCONSTRAINT`,`OXPOS`) VALUES ('y4oxid4.YAML_Licence.1', 'theme:y4oxid4', 'YAML_Licence', 'yaml','free|project|general' , 510);
INSERT INTO `oxconfigdisplay` (`OXID`,`OXCFGMODULE`,`OXCFGVARNAME`,`OXGROUPING`,`OXVARCONSTRAINT`,`OXPOS`) VALUES ('y4oxid4.YAML_Theme_Licence.1', 'theme:y4oxid4', 'YAML_Theme_Licence', 'yaml','' , 511);
INSERT INTO `oxconfigdisplay` (`OXID`,`OXCFGMODULE`,`OXCFGVARNAME`,`OXGROUPING`,`OXVARCONSTRAINT`,`OXPOS`) VALUES ('y4oxid4.YAML_Theme_2-3sp.1', 'theme:y4oxid4', 'YAML_Theme_2-3sp', 'yaml','sp2|sp3' , 512);
INSERT INTO `oxconfigdisplay` (`OXID`,`OXCFGMODULE`,`OXCFGVARNAME`,`OXGROUPING`,`OXVARCONSTRAINT`,`OXPOS`) VALUES ('y4oxid4.YAML_Theme_mobile.1', 'theme:y4oxid4', 'YAML_Theme_mobile', 'yaml','false|true' , 513);